,ID,NAME
0,ECOEAJPNRNANG022000,거주자소비지출(일본_명목_SAAR)
1,ECOEAKORREAIP011000,광공업생산총지수
2,ECOEAKORREAIP030000,광공업제품출하총지수(SA)
3,ECOEEITARLWUE002000,실업률(SA)[이탈리아]
4,ECOENUSARLWEM002000,신규실업보험청구자수NSA[미국]
5,ECOESBRARGVBP018000,기타투자[브라질]
6,ECOESBRARNARG030000,수출
7,ECOEWFRAREAOL001000,OECD 경기선행지수[브라질]
8,ECOEWLUXRTDIM009000,수입[룩셈부르크]
9,ECOEAJPNRNARG013000,국내총소득[일본](NSA)
10,ECOEAKORRCICI023000,상용근로자수(천명)(후행)
11,ECOEEFINRFDER001000,외환보유액[핀란드](금제외)
12,ECOEWGBRRPCRP001000,소매가지수[영국]
13,ECOEWPRTRPCPP001000,생산자물가[포르투갈]
14,ECOEAJPNRNANG029000,재화와서비스의수출(일본_명목_SAAR)
15,ECOEAKORREAIP087000,제조업평균가동률지수(원지수)
16,ECOESBRARNARG021000,기타서비스
17,ECOEAKORREAIP085000,제조업내수출하지수(원지수)
18,ECOEWCHERLWUE001000,실업률[스위스_NSA]
19,ECOEWESPRTDTB009000,무역수지[스페인]
20,ECOEACHNRPSRS002000,소매판매 증가율[중국]
21,ECOEAINDRCMOS001000,석유생산량[인도]
22,ECOEAJPNRNARG016000,대외지출[일본](NSA)
23,ECOEAKORRTDBP002000,상품수지
24,ECOEECYPRPCCP002000,물가상승율[키프로스]
25,ECOEEGRCRPCCP001000,소비자물가[그리스]
26,ECOEWPRTREAIP001000,산업생산[포르투갈]
27,ECOEAJPNRNARG010000,재화와서비스의수출입[일본](NSA)
28,ECOEAKORRNARU002000,최종소비지출(실질)
29,ECOEAVNMRTDIM009000,수입[베트남]
30,ECOEEAUTRLWUE001000,실업률[오스트리아_NSA]
31,ECOEECYPRGVRC020000,중앙정부 재정수지(GDP 대비)[키프로스]
32,ECOENUSARCICI004000,경기동행지수전월비(%)[미국]
33,ECOENUSARPCPP002000,PPI(원지수)[미국]
34,ECOESBRARDGPT010000,40-44세
35,ECOEWIRLRLWUE002000,실업률(SA)[아일랜드]
36,ECOEZEUZRCSCC003000,건설업신뢰지수(EURO17개국)
37,ECOEACHNFLWUE001000,중국-연간 실업률
38,ECOEAJPNRNANG032000,대외소득(일본_명목_SAAR)
39,ECOEAKORRPCPP002000,상품지수(총지수)
40,ECOENUSARPSEN005000,개인가처분소득[미국]
41,ECOEOAUSRTDEX009000,수출[호주]
42,ECOESBRARGVBP003000,상품수출[브라질]
43,ECOEWGBRRTDTB009000,무역수지[영국]
44,ECOEWLUXRTDBT001000,무역수지[룩셈부르크]
45,ECOEACHNRCQBK001000,신규대출[중국]
46,ECOEACHNRNAGG001000,실질GDP성장률[중국]
47,ECOEAKORREAIP095000,소매판매액총지수(불변)
48,ECOEAKORREAIP112000,설비투자총지수(불변)
49,ECOENUSARCMPS011000,Baker Hughes 석유시추회수 월간합계
50,ECOEONZLRPCPP001000,생산자물가[뉴질랜드]
51,ECOESBRARDGPT011000,45-49세
52,ECOESBRARGVBP017000,파생금융상품[브라질]
53,ECOESBRARNARG017000,상업
54,ECOESBRARTDEX011000,수출국(독일)
55,ECOEWLUXREAIP001000,산업생산[룩셈부르크]
56,ECOEWNLDRFDER001000,외환보유액(금제외)
57,ECOEAIDNRCMOS001000,석유생산량[인도네시아]
58,ECOEAIDNRTDEX009000,수출[인도네시아]
59,ECOEAKORRCICI021000,도시가계소비지출(실질)(천원)(후행)
60,ECOEAKORRLWUE001000,실업률[한국]
61,ECOEAKORRNAGG002000,GDP증가율
62,ECOEEITARNARG001000,실질GDP[이탈리아]
63,ECOENUSARPSRS002000,소매매출(자동차업제외)[미국]
64,ECOEOAUSRPCCP001000,소비자물가[오스트레일리아]
65,ECOEOAUSRPCPP001000,생산자물가[호주]
66,ECOEONZLREAIP001000,산업생산[뉴질랜드]
67,ECOEONZLRLWUE001000,실업률[뉴질랜드_NSA]
68,ECOESBRAREAIP002000,"산업생산[브라질, NSA]"
69,ECOEWLUXRFDER001000,외환보유액[룩셈부르크](금제외)
70,ECOEZEUZRLWUE001000,실업률[Euro-Zone_SA]
71,ECOEAINDRTDEX009000,수출[인도]
72,ECOEAJPNRNANG037000,공공수요(일본_명목_SAAR)
73,ECOEAJPNRNARG030000,재화와서비스의수출입[일본](SAAR)
74,ECOEAKORRCICI006000,수출입물가비율(2005=100)(선)
75,ECOEAKORRCICI022000,소비재수입액(실질)(백만불)(후행)
76,ECOEAKORRNARU037000,국외순수취요소소득(실질)
77,ECOEAMYSRLWUE001000,실업률[말레이시아]
78,ECOENUSAREAIP009000,반도체장비판매[미국]
79,ECOENUSARLWUE002000,실업률[미국_SA]
80,ECOEWNLDRTDIM009000,수입[네덜란드]
81,ECOEACHNREAPM001000,제조업 PMI[중국]
82,ECOEAHKGRLWUE001000,실업률(SA)[홍콩]
83,ECOEAKORRPCCP002000,월별 소비자물가등락률(전년비)
84,ECOEEITARFDER001000,외환보유액(금제외)
85,ECOENUSARCMPS010000,Baker Hughes 석유시추회수 주간합계
86,ECOENUSARHSHC002000,건축허가건수[미국]
87,ECOEOAUSRCMOS001000,석유생산량[호주]
88,ECOEAJPNRNANG012000,대외거래순손익(일본_명목_NSA)
89,ECOEAKORRCICI007000,국제원자재가격지수(역계열)(2005=100)
90,ECOEAKORRCICI028000,동행지수 순환변동치 전월차(p)
91,ECOEAKORREAIP008000,서비스업생산지수(SA)
92,ECOEAKORREAIP055000,제조업생산출하-제조업(SA)
93,ECOEATHARTDBT001000,무역수지[태국]
94,ECOEEGRCRTDBT001000,무역수지[그리스]
95,ECOEWGBRRPCPP001000,생산자물가(산출물가)
96,ECOEAJPNRNARG028000,공공투자[일본](SAAR)
97,ECOEAKORREAIP092000,생산자제품출하지수(원지수)
98,ECOEAKORRLWUE007000,경제활동참가율[구직기간4주]
99,ECOEAMYSRNARG001000,GDP[말레이시아]
100,ECOEATHARPCPP001000,생산자물가[태국]
101,ECOENUSARLWEM003000,연속실업보험청구자수SA[미국]
102,ECOENUSARPCCP003000,CoreCPI(원지수)[미국]
103,ECOESBRARTDIM017000,수입국(일본)
104,ECOEWFRARNARG001000,실질GDP[프랑스]
105,ECOEAJPNRNARG026000,개인재고[일본](SAAR)
106,ECOEAKORRCICI008000,구인구직비율(%)(선행)
107,ECOEAKORRLWEM026000,"노동생산성지수(산업생산기준, 서비스업)"
108,ECOEAKORRTDBT003000,무역수지
109,ECOEATHARTDEX009000,수출[태국]
110,ECOESBRARNARG020000,금융중개 및 관련산업
111,ECOESBRARNARG038000,수출
112,ECOEWNLDRPCPP002000,생산자물가(산업재)[네덜란드]
113,ECOEACHNRLWUE001000,실업률[중국]
114,ECOEAKORRCICI013000,서비스업생산지수(도소매업제외)(2015=100)(동행)
115,ECOEAKORREAIP084000,수출출하총지수(원지수)
116,ECOEAKORRNARU026000,정보통신업(실질)
117,ECOEEFINRTDTB009000,무역수지[핀란드]
118,ECOENUSARCMPS001000,주간 원유재고
119,ECOEOAUSRTDIM009000,수입[호주]
120,ECOESBRARTDEX014000,수출국(미국)
121,ECOEWIRLRTDTB009000,무역수지[아일랜드]
122,ECOEZEUZRGVBP005000,이전소득수지
123,ECOEAJPNRNANG031000,대외거래순손익(일본_명목_SAAR)
124,ECOEEGRCRPCCP001,
125,ECOEFZAFRNAGG002000,GDP(SAAR)[남아공]
126,ECOENUSARREBK012000,심각한회수불량율(90일이상연체혹은조기집행회수)
127,ECOESBRARGVBP011000,이전소득수지
128,ECOEWCHERTDEX009000,수출[스위스]
129,ECOEACHNREAIP001000,산업생산 증가율[중국]
130,ECOEAJPNRLWUE003000,실업자[일본]
131,ECOENCANRCMOS001000,석유생산량[캐나다]
132,ECOENUSARREBK009000,모기지연체율(60-89일연체_NSA)
133,ECOESBRARGVRC001000,세금총액
134,ECOESBRARNARG029000,무역수지
135,ECOESBRARPCCP008000,교통
136,ECOEWCHERTDTB009000,무역수지[스위스]
137,ECOEWFRARTDEX009000,수출[프랑스]
138,ECOEWGBRRTDEX009000,수출[영국]
139,ECOFAKORRFDER001000,달러원(USDKRW)
140,ECOEAKORREAIP088000,제조업평균가동률지수(계절조정)
141,ECOEATHARLWUE001000,실업률[태국_NSA]
142,ECOEESVKRPCCP001000,소비자물가[슬로바키아]
143,ECOESBRARNARG037000,무역수지
144,ECOEAHKGRMTMS001000,홍콩 통화량(M2)
145,ECOEAIDNRFDER001000,외환보유액
146,ECOEAJPNRNANG035000,국내총수요(일본_명목_SAAR)
147,ECOEAJPNRNARG036000,대외지출[일본](SAAR)
148,ECOEAKORREAIP094000,소매판매액총지수(경상)
149,ECOEEITAREAIP001000,산업생산[이탈리아](NSA)
150,ECOEFZAFRTDTB009000,무역수지[남아공]
151,ECOESBRARGVBP008000,본원소득수지[브라질]
152,ECOESBRARNARG033000,가계소비
153,ECOESBRARPCCP010000,개인지출
154,ECOEWESPRFDER001000,외환보유액
155,ECOEAINDRTDTB009000,무역수지[인도]
156,ECOEAJPNRNANG036000,개인수요(일본_명목_SAAR)
157,ECOEAJPNRNARG018000,국내총수요[일본](NSA)
158,ECOEAKORREAIP063000,서비스업생산총지수(불변)
159,ECOEAKORRNANG006000,정부(명목)
160,ECOEEAUTREAIP001000,산업생산[오스트리아]
161,ECOEEAUTRTDIM009000,수입[오스트리아]
162,ECOENUSAREAIP008000,반도체장비BB율[미국]
163,ECOENUSARPCPP001000,PPI(계절조정)[미국]
164,ECOESBRARNARG015000,전기 가스 수도
165,ECOEWESPRNARG001000,실질GDP[스페인]
166,ECOEWLUXRLWUE001000,실업률[룩셈부르크_NSA]
167,ECOEAJPNRNANG027000,공공재고(일본_명목_SAAR)
168,ECOEAKORRNANG023000,운수 및 보관업(명목)
169,ECOEESVKREAIP001000,산업생산[슬로바키아]
170,ECOENUSARLWUE004000,비농업부문고용자수[미국]
171,ECOEWCHERFDER001000,외환보유액(금제외)
172,ECOEZEUZRCSCC001000,소비자신뢰지수(EURO17개국)
173,ECOEACHNRFDER001000,외환보유액[중국](전체)
174,ECOEAKORREAIP116000,건설기성총액(경상)
175,ECOEAKORRNANG008000,총고정자본형성(명목)
176,ECOEEFINRLWUE001000,실업률[핀란드_NSA]
177,ECOENUSAREAMF017000,비국방내구재수주[미국]
178,ECOESBRARDGPT003000,5-9세
179,ECOEWESPRTDEX009000,수출[스페인]
180,ECOEWNLDRLWUE001000,실업률(NSA)[네덜란드]
181,ECOEZEUZRCSCC006000,산업신뢰지수(EURO27개국)
182,ECOFAKORRFDZZ008000,주식형
183,ECOEACHNREAPM002000,비제조업 PMI[중국]
184,ECOEAIDNRTDIM009000,수입[인도네시아]
185,ECOEAKORRLWUE004000,취업자[구직기간4주]
186,ECOEAKORRNARU016000,국내총생산(시장가격)(실질)
187,ECOEEAUTRFDER002000,외환보유액(금제외)
188,ECOEWBELRLWUE002000,실업률(SA)[벨기에]
189,ECOEZEUZRPSRS001000,소매판매[Euro-Zone]
190,ECOEZEUZREZPM001000,유로존 pmi
191,ECOFAKORRFDBD002000,국고채3년(금투협)
192,ECOFAKORRFDZZ001000,고객예탁금
193,ECOEEAUTRTDTB009000,무역수지[오스트리아]
194,ECOEFZAFREAIP001000,산업생산[남아공]
195,ECOENUSAREAMF008000,상품가격지수[미국]
196,ECOENUSARPCCP002000,CPI(원지수)[미국]
197,ECOESBRARMTMS003000,M3
198,ECOESBRARNARG016000,서비스총계
199,ECOESBRARNARG022000,부동산 및 임대
200,ECOEAHKGRRTRS001000,홍콩 소매매출증가율
201,ECOEAJPNREARS002000,도매매출[일본]
202,ECOEAJPNRNANG025000,정부지출(일본_명목_SAAR)
203,ECOEAKORRNANG018000,광업(명목)
204,ECOEAKORRNANG020000,전기가스및수도사업(명목)
205,ECOEAKORRNARU001000,국내총생산에대한지출(실질)
206,ECOEAKORRPCTB001000,수출물가지수(총지수)
207,ECOEAVNMRFDER001000,외환보유액[베트남](금제외)
208,ECOENUSAREAIP010000,반도체장비재고[미국]
209,ECOENUSARPSEN003000,개인저축[미국]
210,ECOESBRARDGPT013000,55-59세
211,ECOESBRARHSHC001000,건설총비용
212,ECOEWPRTRTDBT001000,무역수지[포르투갈]
213,ECOEACHNRIMCV001000,고정자산 투자율[중국]
214,ECOEAJPNRNANG001000,최종소비지출(일본_명목_NSA)
215,ECOEAKORRNARU018000,광업(실질)
216,ECOEAVNMRPCCP001000,소비자물가[베트남]
217,ECOENCANREAIP001000,산업생산[캐나다](NSA)
218,ECOENUSARREBK011000,분기별은행담보권행사시작비율(NSA)
219,ECOEOAUSRLWUE001000,실업률(NSA)[호주]
220,ECOESBRARGVBP005000,서비스수지[브라질]
221,ECOEACHNRFDER002000,외환보유액(금제외)
222,ECOEAJPNRNARG038000,국내총수요[일본](SAAR)
223,ECOENUSARCICI003000,경기동행지수[미국]
224,ECOENUSARCMPS013000,Baker Hughes 석유시추회수 가스
225,ECOESBRAFNARG001000,브라질-연간 경제전망치
226,ECOEZEUZRTDIM009000,수입[EU(27)]
227,ECOEAKORRCICI011000,동행종합지수(2015=100)
228,ECOEEGRCRTDTB009000,무역수지[그리스]
229,ECOENUSARREBK003000,모기지연체율(60-89일연체_SA)
230,ECOESBRARPCCP011000,교육
231,ECOEWDEURPCRP001000,소매물가[독일]
232,ECOEAKORREAIP009000,건설업생산지수(SA)
233,ECOEAKORRNANG003000,민간(명목)
234,ECOEAKORRNANG031000,문화 및 기타서비스업(명목)
235,ECOEERUSRTDTB009000,무역수지[러시아]
236,ECOENUSARHSHC003000,기존주택판매[미국]
237,ECOESBRARTDEX002000,수출품목(기본재)
238,ECOEWESPREAIP001000,산업생산[스페인]
239,ECOEWFRARPCCP001000,소비자물가[프랑스]
240,ECOEWGBRRTDIM009000,수입[영국]
241,ECOEWNLDRNARG001000,실질GDP[네덜란드]
242,ECOEWPRTRTDIM009000,수입[포르투갈]
243,ECOEZEUZRGVBP007000,금융수지
244,ECOFAKORRFDMP001000,한은 기준금리
245,ECOEAJPNRNANG016000,국내총수요(일본_명목_NSA)
246,ECOEECYPRGVLI003000,정부 총 공공부채(IMF 단기부채 포함)[키프로스]
247,ECOEECYPRGVLI005000,정부 총 외채[키프로스]
248,ECOEECYPRLWUE001000,실업률[키프로스]
249,ECOEONZLRTDTB009000,무역수지[뉴질랜드]
250,ECOESBRARNARG013000,제조업
251,ECOEWDEURPCCP001000,소비자물가[독일]
252,ECOEAHKGRPCCP001000,소비자물가[홍콩]
253,ECOEAJPNRLWUE002000,실업률[일본_SA]
254,ECOEAKORRNARU020000,전기가스및수도사업(실질)
255,ECOEEAUTRNARG001000,실질GDP[오스트리아]
256,ECOENUSARCICI002000,경기선행지수전월비(%)[미국]
257,ECOENUSAREAMF014000,필라델피아연준지수[미국]
258,ECOENUSARLWEM001000,신규실업보험청구자수SA[미국]
259,ECOESBRARFDNR005000,모기지 레퍼런스 금리
260,ECOESBRARTDEX020000,수출국(우루과이)
261,ECOEWESPRTDIM009000,수입[스페인]
262,ECOFAJPNRFDMP025000,금정위
263,ECOEAJPNREAIP002000,산업생산[일본](SA)
264,ECOEAKORRNANG022000,도소매 및 음식숙박업(명목)
265,ECOEEGRCRTDEX009000,수출[그리스]
266,ECOENCANRPCCP002000,소비자물가상승율[캐나다]
267,ECOENUSARLWEM006000,월간신규실업보험청구자수SA[미국]
268,ECOENUSARREBK002000,모기지연체율(30-59일연체_SA)
269,ECOESBRARTDIM011000,수입국(독일)
270,ECOESBRARDGPT016000,70세이상
271,ECOESBRARNARG026000,정부지출
272,ECOENCANRNARG001000,실질GDP[캐나다]
273,ECOESBRARGVRC002000,세입총액
274,ECOESBRARNARG028000,재고증감
275,ECOESBRARPCCP007000,의류
276,ECOEAKORREAIP059000,제조업생산재고-제조업(SA)
277,ECOEAKORRNANG019000,제조업(명목)
278,ECOEEAUTRFDER001000,외환보유액
279,ECOEFZAFRTDIM009000,수입[남아공]
280,ECOENUSAREAMF003000,생산지수[미국]
281,ECOENUSAREAMF010000,수입지수[미국]
282,ECOESBRARFDNR003000,레퍼런스 금리
283,ECOESBRARGVBP002000,상품수지[브라질]
284,ECOESBRARNARG035000,총고정자본자본
285,ECOEWBELRNARG001000,실질GDP[벨기에]
286,ECOEWIRLRNARG001000,실질GDP[아일랜드]
287,ECOEZEUZRTDTB009000,무역수지[EU(27)]
288,ECOEAKORRTDTB002000,수입물량 총지수
289,ECOEAKORRNARU005000,가계에봉사하는비영리단체(실질)
290,ECOEAKORRTDBP017000,장기대외채무총액
291,ECOENUSARHSHP002000,SnP/Case-Shiller지수(20개도시_NSA)
292,ECOESBRARDGPT001000,인구전체
293,ECOESBRARGVRC008000,품목별세금(수입품)
294,ECOESBRARPCCP003000,브라질-연간 소비자물가
295,ECOEAJPNRNANG007000,공공투자(일본_명목_NSA)
296,ECOEERUSRNARG001000,실질GDP[러시아]
297,ECOENUSARREBK001000,모기지연체율(총연체_SA)
298,ECOESBRARGVBP019000,오차및누락[브라질]
299,ECOESBRARHSHC003000,건설임금
300,ECOESBRARNARG024000,(실질GDP)-S실질GDP
301,ECOEWCHERPCPP001000,생산자물가[스위스]
302,ECOEWPRTRTDEX009000,수출[포르투갈]
303,ECOEZEUZRCSCC009000,서비스업신뢰지수(EURO17개국)
304,ECOEEAUTRLWUE002000,실업률(SA)[오스트리아]
305,ECOEECYPRGVRC001000,일반정부 재정수지[키프로스]
306,ECOEOAUSRNARG001000,실질GDP[호주]
307,ECOESBRARNARG007000,수출
308,ECOESBRARTDEX019000,수출국(파라과이)
309,ECOEWCHERNARG001000,실질GDP[스위스]
310,ECOEAHKGRTDIM009000,수입[홍콩]
311,ECOEAKORRCICI016000,내수출하지수(2015=100)(동행)
312,ECOEAKORRNANG033000,총부가가치(기초가격)(명목)
313,ECOEERUSRPCCP001000,소비자물가[러시아]
314,ECOENUSAREAMF013000,시카고PMI지수[미국]
315,ECOENUSARREBK008000,모기지연체율(30-59일연체_NSA)
316,ECOEWIRLRFDER001000,외환보유액[아일랜드](금제외)
317,ECOEACHNFPCCP001000,중국-연간 소비자물가
318,ECOEAJPNRNANG011000,재화와서비스의수입(일본_명목_NSA)
319,ECOEAKORRNARU024000,금융보험업(실질)
320,ECOENUSARHSHP001000,S&amp;P/Case-Shiller주택가격지수[U.SNational]
321,ECOENUSARPSEN002000,개인소비지출(PCE)
322,ECOENUSARPSEN004000,개인저축률[미국]
323,ECOEWBELRLWUE001000,실업률[벨기에_NSA]
324,ECOEZEUZRMTMS002000,M2[Euro-Zone]
325,ECOEAJPNRTDBT002000,무역수지[일본](SA)
326,ECOEAKORREAIP016000,광공업제품출하총지수
327,ECOEECYPRGVLI002000,"정부 총 공공부채(IMF 단기부채 제외, GDP 대비)[키프로스]"
328,ECOEESVKRPCPP001000,생산자물가[슬로바키아]
329,ECOENCANRTDIM009000,수입[캐나다]
330,ECOEOAUSREAIP002000,산업생산증가율[호주]
331,ECOESBRARNARG005000,재고증감
332,ECOEAKORREAIP093000,생산자제품재고지수(원지수)
333,ECOEECYPRNARG002000,GDP(명목)[키프로스]
334,ECOEERUSRLWUE001000,실업률[러시아]
335,ECOESBRARTDIM018000,수입국(멕시코)
336,ECOESBRARTDEX016000,수출국(이탈리아)
337,ECOEZEUZRGVBP003000,서비스수지
338,ECOFAKORRFDZZ009000,혼합주식형
339,ECOEAKORREAIP113000,설비투자 총지수(계절조정)
340,ECOEAKORRNANG009000,건설투자(명목)
341,ECOESBRARTDIM020000,수입국(우루과이)
342,ECOESBRARGVBP010000,본원소득지급[브라질]
343,ECOEWPRTRNARG001000,실질GDP[포르투갈]
344,ECOEACHNRPCPP003000,소매물가지수(도시)[중국]
345,ECOEACHNRPSRS001000,소매판매(소비재상품)[중국]
346,ECOEAJPNRNARG008000,공공투자[일본](NSA)
347,ECOEAJPNRNANG021000,가계소비지출(일본_명목_SAAR)
348,ECOEAJPNRNANG028000,재화와서비스의수출입(일본_명목_SAAR)
349,ECOENCANRLWUE002000,실업률[캐나다_SA]
350,ECOESBRARPCCP001000,소비자물가[브라질]
351,ECOESBRARTDEX006000,수출품목(특수품목)
352,ECOEACHNRIMCV002000,외국인 직접투자[중국]
353,ECOEAHKGRNARG001000,GDP[홍콩]
354,ECOEAKORREAIP051000,제조업생산-제조업(SA)
355,ECOEAKORRNANG014000,(공제)재화와서비스의수입(명목)
356,ECOEAKORRNARU029000,교육서비스업(실질)
357,ECOEFZAFRFDER001000,외환보유액(금제외)
358,ECOENCANRPCCP001000,소비자물가[캐나다]
359,ECOESBRARGVBP014000,직접투자[브라질]
360,ECOESBRARGVRC006000,품목별세금(자동차)
361,ECOEZEUZREAIP002000,산업생산[건설업제외](EURO 27개국)
362,ECOEZEUZREAIP001000,산업생산(EURO17개국)
363,ECOEAJPNRNANG010000,재화와서비스의수출(일본_명목_NSA)
364,ECOEAKORRLWUE002000,15세이상인구[구직기간4주]
365,ECOEAKORRNANG025000,부동산 및 임대업(명목)
366,ECOENUSARHSHP003000,S&amp;P/Case-Shiller지수(20개도시_SA)
367,ECOENUSARLWEM009000,월간연속실업보험청구자수NSA[미국]
368,ECOENUSARTDIM009000,수입[미국]
369,ECOESBRARNARG002000,가계소비
370,ECOESBRARPCCP006000,가계
371,ECOEATHARFDER001000,외환보유액
372,ECOEECYPRIDZZ001000,관광객 증가율[키프로스]
373,ECOEERUSRPCCP002000,소비자물가증가율[러시아]
374,ECOENUSARCICI006000,경기후행지수전월비(%)[미국]
375,ECOENUSARCICS002000,자동차판매[AutoSales][미국]
376,ECOESBRARTDIM005000,수입품목(자본재)
377,ECOEAJPNRNARG024000,거주자소비지출[일본](SAAR)
378,ECOEAKORRNARU027000,사업서비스(실질)
379,ECOEEFINRLWUE002000,실업률(SA)[핀란드]
380,ECOESBRARGVLI003000,공공부채(외부)
381,ECOEWFRARFDER001000,외환보유액(금제외)
382,ECOEAJPNRNANG014000,대외지출(일본_명목_NSA)
383,ECOEAJPNRNARG031000,재화와서비스의수출[일본](SAAR)
384,ECOEAKORRNANG030000,보건 및 사회복지서비스업(명목)
385,ECOEAKORRNARU030000,보건 및 사회복지서비스업(실질)
386,ECOEECYPRGVDG006000,정부 총 외채(GDP 대비)[키프로스]
387,ECOEESVKRNARG001000,실질GDP[슬로바키아]
388,ECOENUSARLWUE003000,실업자수[미국]
389,ECOESBRARTDIM003000,수입품목(비내구재)
390,ECOFAKORRFDZZ004000,미수금
391,ECOEESVKRLWUE001000,실업률[슬로바키아]
392,ECOENUSARCICS001000,자동차판매[Auto&TruckSales][미국]
393,ECOENUSAREAIP004000,재고율[미국]
394,ECOENUSAREAMF007000,고객재고지수[미국]
395,ECOENUSARREBK007000,모기지연체율(총연체_NSA)
396,ECOEONZLRLWUE002000,실업률(SA)[뉴질랜드]
397,ECOESBRARGVBP001000,경상수지
398,ECOEWDEURFDER001000,외환보유액[독일](금제외)
399,ECOEACHNFNAGG001000,중국-연간 경제전망치
400,ECOEAKORRCICI019000,후행종합지수(2015=100)
401,ECOEERUSRTDIM009000,수입[러시아]
402,ECOENUSARHSHC004000,신규주택판매[미국]
403,ECOESBRARPCCP004000,소비자물가(음식료)
404,ECOEWGBRRFDER001000,외환보유액[영국](금제외)
405,ECOFAKORRFDZZ003000,선물옵션예수금
406,ECOEAKORRNAGG007000,국내총투자율
407,ECOENUSARPCTB002000,수입물가[미국]
408,ECOEWDEURPCWP001000,도매물가[독일]
409,ECOEWDEURTDTB009000,무역수지[독일]
410,ECOEZEUZRGVBP002000,상품수지
411,ECOEZEUZRTDEX009000,수출[EU(27)]
412,ECOEACHNRCIOL001000,OECD 경기선행지수[중국]
413,ECOEACHNRTDTB009000,무역수지[중국]
414,ECOEAJPNRNARG003000,가계소비지출[일본](NSA)
415,ECOEAJPNRNARG006000,개인재고[일본](NSA)
416,ECOEAKORREAIP035000,광공업제품재고총지수(SA)
417,ECOEAKORRNAGG005000,건설투자증가율
418,ECOEATHARNARG001000,실질GDP[태국]
419,ECOEAJPNRNARG027000,정부지출[일본](SAAR)
420,ECOEAJPNRPCCP001000,생산자물가[일본]
421,ECOEAVNMRGVRC003000,재정수지[베트남]
422,ECOEAVNMRLWUE001000,실업률[베트남]
423,ECOEOAUSREAIP001000,산업생산[호주]
424,ECOEONZLRTDIM009000,수입[뉴질랜드]
425,ECOESBRARFDNR001000,장기금리
426,ECOESBRARPCCP009000,건강용품
427,ECOEWGBRRHSHP001000,할리팩스주택가격지수[영국]
428,ECOFAHKGRFDMP029000,홍콩 기준금리
429,ECOENUSAREAIP003000,기업판매[미국]
430,ECOENUSARLWLR002000,비농업단위노동비용[미국]
431,ECOESBRARPCCP012000,통신
432,ECOEWCHERTDIM009000,수입[스위스]
433,ECOEWPRTRFDER001000,외환보유액(금제외)
434,ECOEAHKGRFDER001000,외환보유액
435,ECOEAJPNRNARG019000,개인수요[일본](NSA)
436,ECOEAKORRNANG034000,순생산물세(명목)
437,ECOEEITARLWUE001000,실업률[이탈리아_NSA]
438,ECOESBRARNARG001000,(실질GDP)-N실질GDP
439,ECOESBRARNARG018000,운송
440,ECOEWITARTDIM009000,수입[이탈리아]
441,ECOFAKORRFDZZ011000,채권형
442,ECOFAKORRFDZZ013000,간접투자자금
443,ECOEEFINRPCCP001000,소비자물가[핀란드]
444,ECOEWIRLRTDEX009000,수출[아일랜드]
445,ECOEACHNRMTMS001000,통화량[중국](M0)
446,ECOEAJPNRFDER001000,외환보유액
447,ECOEAKORRCICI010000,장단기금리차(%p)(선행)
448,ECOEAKORRCICI012000,광공업생산지수(2015=100)(동행)
449,ECOEAKORRPCCP020000,식료품및에너지제외소비자물가지수(식료품및에너지제외)
450,ECOEAKORRTDBP005000,서비스수지
451,ECOEEAUTRTDEX009000,수출[오스트리아]
452,ECOEECYPRGVBP010000,경상수지(GDP 대비)[키프로스]
453,ECOEECYPRGVRC010000,일반정부 재정수지(GDP 대비)[키프로스]
454,ECOENUSARREBK004000,모기지연체율(90일이상연체_SA)
455,ECOESBRARFDNR002000,머니마켓 금리
456,ECOESBRARTDEX013000,수출국(칠레)
457,ECOEZEUZREICT001000,경기체감지수(EURO17개국)
458,ECOEAIDNRLWUE001000,실업률[인도네시아_NSA]
459,ECOEAJPNRNANG034000,국민총소득(일본_명목_SAAR)
460,ECOEAKORRNARU036000,국내총소득(실질)
461,ECOEECYPRFDER001000,외환보유액[키프로스]
462,ECOENUSARCICI005000,경기후행지수[미국]
463,ECOENUSAREAMF001000,ISM제조업지수[미국]
464,ECOENUSAREAMF018000,제조업수주[미국]
465,ECOEAKORRNANG012000,재고증감및귀중품순취득(명목)
466,ECOEAKORRTDBP016000,단기대외채무총액
467,ECOEAMYSRPCCP001000,소비자물가[말레이시아]
468,ECOEEAUTRNAGG001000,실질GDP증가율[오스트리아]
469,ECOEECYPRGVLI004000,"정부 총 공공부채(IMF 단기부채 포함, GDP 대비)[키프로스]"
470,ECOENUSARMTMS002000,M2[미국]
471,ECOEWIRLRTDBT001000,무역수지[아일랜드]
472,ECOEWITARTDEX009000,수출[이탈리아]
473,ECOEWNLDREAIP002000,산업생산(건설업 제외)(NSA)[네덜란드]
474,ECOEAKORREAIP047000,제조업생산재고-제조업
475,ECOEAKORRLWUE006000,비경제활동인구[구직기간4주]
476,ECOEAKORRNANG001000,국내총생산에대한지출(명목)
477,ECOENUSARMTMS000000,본원통화[미국]
478,ECOESBRARTDIM014000,수입국(미국)
479,ECOESBRARTDIM016000,수입국(이탈리아)
480,ECOESBRARNARG034000,정부지출
481,ECOEAJPNRNANG019000,최종소비지출(일본_명목_SAAR)
482,ECOEAJPNRNANG023000,비거주자소비지출(일본_명목_SAAR)
483,ECOEAKORRCICI015000,소매판매액지수(2015=100)(동행)
484,ECOEAKORRPCCP018000,농산물및석유류제외소비자물가지수(농산물및석유류)
485,ECOEERUSREAIP001000,산업생산[러시아]
486,ECOENUSAREAMF006000,재고지수[미국]
487,ECOESBRARPCCP005000,주택
488,ECOEZEUZRPCPP001000,생산자물가[Euro-Zone]
489,ECOEAKORRCICI014000,건설기성액(실질)(십억원)(동행)
490,ECOEAKORRFDER001000,외환보유액[한국](전체)
491,ECOEAKORRGVRC002000,재정지출및순융자
492,ECOENUSARFDER001000,외환보유액(금제외)
493,ECOESBRARGVBP009000,본원소득수입[브라질]
494,ECOESBRARGVLI002000,공공부채(내부)
495,ECOEWESPRTDBT001000,무역수지[스페인]
496,ECOEWLUXRTDTB009000,무역수지[룩셈부르크]
497,ECOEAIDNRTDTB009000,무역수지[인도네시아]
498,ECOEAINDREAIP001000,산업생산[인도]
499,ECOEAJPNRTDIM009000,수입[일본]
500,ECOEAKORREAIP021000,광공업제품재고총지수
501,ECOEAKORRLWUE003000,경제활동인구[구직기간4주]
502,ECOEAKORRNANG021000,건설업(명목)
503,ECOEAKORRNARU019000,제조업(실질)
504,ECOEEGRCRPCPP001000,생산자물가[그리스]
505,ECOEERUSRFDER001000,외환보유액
506,ECOEFZAFRPCPP002000,생산자물가(제조업총산출)[남아공]
507,ECOESBRARGVBP012000,자본금융수지[브라질]
508,ECOESBRARNARG006000,무역수지
509,ECOEACHNRPCCP001000,소비자물가(전체)[중국]
510,ECOEAKORRTDTB001000,수출물량 총지수
511,ECOEAKORRNANG035000,국외순수취요소소득(명목)
512,ECOEAKORRNARU008000,총고정자본형성(실질)
513,ECOEAKORRPCPP001000,생산자물가지수(2010=100)
514,ECOEECYPRGVRC002000,중앙정부 재정수지[키프로스]
515,ECOENUSAREAIP006000,도매재고[미국]
516,ECOENUSAREAMF004000,고용지수[미국]
517,ECOESBRARNARG025000,가계소비
518,ECOEWBELRPCCP001000,소비자물가[벨기에]
519,ECOEAJPNRNANG015000,국민총소득(일본_명목_NSA)
520,ECOEAKORRNARU017000,농림어업(실질)
521,ECOEAVNMRGVRC001000,재정지출[베트남]
522,ECOENUSARLWLR001000,비농업노동생산성[미국]
523,ECOFAKORRFDZZ012000,MMF
524,ECOEAHKGRPCPP001000,홍콩 생산자물가상승율
525,ECOEAKORRCICI017000,수입액(실질)(백만불)(동행)
526,ECOEAKORRPCCP001000,연도별소비자물가등락률(총지수)
527,ECOEAKORRPCCP019000,식료품및에너지제외소비자물가지수(총지수)-OECD방식
528,ECOEAMYSRFDER001000,외환보유액(금제외)
529,ECOEAVNMRGVRC002000,재정수입[베트남]
530,ECOEEAUTRTDBT001000,무역수지[오스트리아]
531,ECOEECYPRNARG011000,1인당 국내 총생산(구매력평가)[키프로스]
532,ECOENUSARMTMS001000,M1[미국]
533,ECOESBRARGVBP004000,상품수입[브라질]
534,ECOEWITARTDTB009000,무역수지[이탈리아]
535,ECOEACHNRCMOS001000,석유생산량[중국]
536,ECOEAIDNREAIP001000,산업생산[인도네시아]
537,ECOEAJPNRNANG017000,개인수요(일본_명목_NSA)
538,ECOEAKORRNANG013000,재화와서비스의수출(명목)
539,ECOEAKORRNARU003000,민간(실질)
540,ECOENUSARLWEM008000,4주평균신규실업보험청구자수SA[미국]
541,ECOEWIRLRLWUE001000,실업률[아일랜드_NSA]
542,ECOFACHNRFDMP026000,"중국 정책금리(대출금리 Lending Rate, 1Y)-적용일기준"
543,ECOEAJPNRLWUE001000,실업률[일본]
544,ECOEAJPNRNANG026000,공공투자(일본_명목_SAAR)
545,ECOENUSAREAIP005000,도매판매[미국]
546,ECOESBRAREIOL001000,OECD경기선행지수[한국]
547,ECOESBRARMTMS001000,M1
548,ECOESBRARTDEX015000,수출국(프랑스)
549,ECOEAINDRNARG001000,GDP[인도]
550,ECOEAKORRCICI026000,선행지수 순환변동치 전월차(p)
551,ECOEAKORRNARU028000,공공행정 및 국방(실질)
552,ECOEAKORRPCCP016000,농산물및석유류제외소비자물가지수(총지수)
553,ECOENUSARPSEN001000,개인소득[미국]
554,ECOESBRARPSRS002000,"소매판매(명목, NSA)"
555,ECOEAJPNRNANG002000,개인소비지출(일본_명목_NSA)
556,ECOEAMYSRTDEX009000,수출[말레이시아]
557,ECOEERUSREAIP002000,산업생산증가율[러시아]
558,ECOENUSARHSHP005000,S&amp;P/Case-Shiller지수(10개도시_SA)
559,ECOENUSARNARG001000,실질GDP[미국]
560,ECOESBRARFDMP001000,SELIC
561,ECOEWBELRFDER001000,외환보유액[벨기에](금제외)
562,ECOEACHNRPCPP004000,소매물가지수(농촌)[중국]
563,ECOEAKORREAIP007000,광공업생산지수(SA)
564,ECOEAKORREAIP114000,ICT설비투자지수(원지수)
565,ECOEAKORRNANG005000,가계에봉사하는비영리단체(명목)
566,ECOEAKORRNARU023000,운수및보관업(실질)
567,ECOEEGRCRNARG001000,실질GDP[그리스]
568,ECOESBRARFDNR004000,기본 금융 금리
569,ECOESBRARPSRS001000,"소매판매(실질, NSA)"
570,ECOESBRARTDEX017000,수출국(일본)
571,ECOESBRARTDIM009000,수입[브라질]
572,ECOEACHNRMTMS004000,통화량증가율[중국](M2)
573,ECOEAKORRCICI002000,재고순환지표(%p)(선행)
574,ECOEERUSRFDER002000,외환보유액(금제외)
575,ECOENUSARCSCV001000,소비자신뢰지수(컨퍼런스보드)[미국]
576,ECOENUSARPCPP003000,CorePPI(원지수)[미국]
577,ECOESBRARGVRC003000,품목별세금(총액)
578,ECOESBRARTDEX012000,수출국(아르헨티나)
579,ECOEACHNRPCCP002000,소비자물가증가율[중국]
580,ECOEAJPNRNARG025000,비거주자소비지출[일본](SAAR)
581,ECOEAKORRNARU033000,총부가가치(기초가격)(실질)
582,ECOEAVNMRNARG001000,실질GDP
583,ECOENCANRFDER001000,외환보유액(금제외)
584,ECOENUSAREAMF012000,ISM비제조업지수[미국]
585,ECOENUSARREBK010000,모기지연체율(90일이상연체_NSA)
586,ECOESBRARNARG023000,교육 건강
587,ECOEAJPNREARS001000,도소매매출[일본]
588,ECOEERUSRPCPP001000,생산자물가[러시아]
589,ECOEWDEURTDIM009000,수입[독일]
590,ECOEAJPNREACE001000,단칸대형제조업체경기신뢰도지수[일본]
591,ECOEAKORRNANG016000,국내총생산(시장가격)(명목)
592,ECOEAKORRTDBP001000,경상수지
593,ECOEEGRCRFDER001000,외환보유액[그리스](금제외)
594,ECOEEITARPCCP001000,소비자물가[이탈리아]
595,ECOEERUSRCMOS001000,석유생산량[러시아]
596,ECOENUSARCMOS001000,석유생산량[미국]
597,ECOESBRARHSHC002000,건설자재비
598,ECOEAJPNRNARG012000,재화와서비스의수입[일본](NSA)
599,ECOEAKORRCICI020000,생산자제품재고지수(2015=100)(후행)
600,ECOEAKORREAIP083000,내수출하총지수(원지수)
601,ECOEAKORRTDBT002000,수입액
602,ECOENUSAREAIP007000,도매재고율[미국]
603,ECOESBRARGVEX001000,총수입(NSA)
604,ECOESBRARNARG032000,(명목GDP)명목GDP
605,ECOFAKORRFDZZ010000,혼합채권형
606,ECOEAIDNRPCCP001000,소비자물가[인도네시아]
607,ECOEAKORRCICI024000,회사채유통수익률(%)(후행)
608,ECOEAKORREAIP090000,제조업생산능력지수
609,ECOEAKORRPSCC001000,가계신용
610,ECOEEITARPCPP001000,생산자물가[이탈리아]
611,ECOENUSARCMPS015000,Baker Hughes 석유시추회수 시추유형 - Directional
612,ECOESBRARDGPT015000,65-69세
613,ECOESBRARTDEX009000,수출[브라질]
614,ECOEWNLDRTDTB009000,무역수지[네덜란드]
615,ECOFAKORRFDZZ014000,RP잔고
616,ECOEACHNRTDEX009000,수출[중국]
617,ECOEAJPNRNANG030000,재화와서비스의수입(일본_명목_SAAR)
618,ECOEAJPNRNANG033000,대외지출(일본_명목_SAAR)
619,ECOEAJPNRNARG037000,국민총소득[일본](SAAR)
620,ECOEAKORREAIP004000,건설업생산지수
621,ECOEAKORRPCCP017000,농산물및석유류제외소비자물가지수(농산물및석유류제외)
622,ECOEAKORRTDBP003000,상품수출
623,ECOESBRARTDIM012000,수입국(아르헨티나)
624,ECOEAJPNRNANG009000,재화와서비스의수출입(일본_명목_NSA)
625,ECOEAJPNRNARG034000,대외거래순손익[일본](SAAR)
626,ECOEONZLRPCCP001000,소비자물가(NSA)[뉴질랜드]
627,ECOESBRARPCCP002000,소비자물가상승율[브라질]
628,ECOEWBELREAIP001000,산업생산(건설업제외)[벨기에]
629,ECOEWDEURTDEX009000,수출[독일]
630,ECOEAJPNRPCPP002000,소비자물가(SA)[일본]
631,ECOEAKORRNANG017000,농림어업(명목)
632,ECOEAKORRNANG024000,금융 및 보험업(명목)
633,ECOEATHARTDTB009000,무역수지[태국]
634,ECOEAVNMREAIP001000,산업생산[베트남]
635,ECOEFZAFRNAGG001000,GDP증가율[남아공]
636,ECOENUSAREAIP001000,산업생산[미국]
637,ECOESBRARMTMS004000,M4
638,ECOEWGBRRLWUE001000,실업률[영국_SA_3MMA]
639,ECOFAKORRFDZZ006000,예탁금회전율
640,ECOFWGBRRFDMP012000,영국 기준금리
641,ECOEAKORRPCCP021000,식료품및에너지제외소비자물가지수(식료품및에너지)
642,ECOENUSARREBK005000,분기별은행담보권행사시작비율(SA)
643,ECOESBRARNARG036000,재고증감
644,ECOEWFRARTDTB009000,무역수지[프랑스]
645,ECOEZEUZRCSCC004000,건설업신뢰지수(EURO27개국)
646,ECOFNUSARFDMP001000,미국 정책금리(Federal Fund Rate_Policy)
647,ECOEAKORRNARU012000,재고증감및귀중품순취득(실질)
648,ECOEZEUZRCSCC002000,소비자신뢰지수(EURO27개국)
649,ECOFAKORRFDZZ007000,융자잔고/예탁금
650,ECOEAJPNRGVBP002000,경상수지[일본](SA)
651,ECOEAJPNRNANG013000,대외소득(일본_명목_NSA)
652,ECOEAKORRNANG007000,총자본형성(명목)
653,ECOEAKORRNARU035000,교역조건변화에따른실질무역손익(실질)
654,ECOEEFINRTDEX009000,수출[핀란드]
655,ECOENUSARCMPS002000,주간 천연가스재고
656,ECOENUSARPCCP004000,CoreCPI(계절조정)[미국]
657,ECOESBRARDGPT007000,25-29세
658,ECOESBRARGVBP007000,서비스지급[브라질]
659,ECOESBRARGVRC007000,품목별세금(기타)
660,ECOEWFRAREAIP001000,산업생산[프랑스]
661,ECOEWGBRRPCCP001000,"소비자물가[영국](Harmonized,NSA)"
662,ECOEWNLDRPCCP001000,소비자물가[네덜란드]
663,ECOEACHNRPCPP002000,소매물가지수(전체)[중국]
664,ECOEAINDRNARG002000,GDP(NSA)[인도]
665,ECOENCANRTDEX009000,수출[캐나다]
666,ECOENUSARREBK006000,대출건수
667,ECOESBRARDGPT009000,35-39세
668,ECOESBRARTDIM004000,수입품목(원자재 중간재)
669,ECOEWNLDRTDEX009000,수출[네덜란드]
670,ECOEZEUZRCSCC005000,산업신뢰지수(EURO17개국)
671,ECOEACHNRMTMS003000,통화량[중국](M2)
672,ECOEAJPNRNARG039000,개인수요[일본](SAAR)
673,ECOEAKORREAIP091000,제조업ICT생산지수(원지수)
674,ECOEAKORREAIP096000,소매판매액총지수(계절조정)
675,ECOENUSARLWUE001000,실업률(NSA)[미국]
676,ECOEONZLRFDER001000,외환보유액[뉴질랜드](금제외)
677,ECOESBRARDGPT014000,60-64세
678,ECOEACHNRPCCP004000,소비자물가(농촌)[중국]
679,ECOEAJPNRPCPP001000,소비자물가[일본]
680,ECOEAKORRLWUE008000,고용률[구직기간4주]
681,ECOEAKORRNANG011000,지식재산생산물투자(명목)
682,ECOEAKORRNARU014000,(공제)재화와서비스의수입(실질)
683,ECOEAMYSRPCPP001000,생산자물가
684,ECOEEGRCRTDIM009000,수입[그리스]
685,ECOENCANREAIP002000,산업생산[캐나다](SAAR)
686,ECOENUSARCMPS012000,Baker Hughes 석유시추회수 오일
687,ECOESBRARFDER001000,외환보유액(금제외)
688,ECOESBRARPCPP001000,생산자물가[브라질]
689,ECOEWLUXRTDEX009000,수출[룩셈부르크]
690,ECOEAKORREAIP010000,공공행정활동지수(SA)
691,ECOEAMYSRTDBT001000,무역수지[말레이시아]
692,ECOEEFINRNARG001000,실질GDP[핀란드]
693,ECOENUSARCSCV002000,미시간대소비심리평가지수[미국]
694,ECOESBRARTDEX010000,수출국(중국)
695,ECOEWNLDRTDBT001000,무역수지[네덜란드]
696,ECOFZEUZRFDMP009000,Main Refinancing Operations(Fixed rate)
697,ECOEAKORRNANG010000,설비투자(명목)
698,ECOESBRARNARG009000,국내총생산
699,ECOEWDEUREAIP001000,산업생산(건설제외)[독일]
700,ECOEWIRLRTDIM009000,수입[아일랜드]
701,ECOEACHNREAPM005000,"제조업 PMI(차이신, 잠정)[중국]"
702,ECOEAIDNRFDER002000,외환보유액(금제외)
703,ECOEAIDNRPCPP001000,생산자물가[인도네시아]
704,ECOEAJPNRNANG024000,개인재고(일본_명목_SAAR)
705,ECOEAJPNRNARG004000,거주자소비지출[일본](NSA)
706,ECOEATHARTDIM009000,수입[태국]
707,ECOEAVNMRTDTB009000,무역수지[베트남]
708,ECOENUSARTDTB009000,무역수지[미국]
709,ECOEOAUSRPSRS001000,소매판매[호주]
710,ECOEONZLRNARG001000,실질GDP[뉴질랜드]
711,ECOESBRARGVIM001000,총지출(NSA)
712,ECOESBRARTDEX003000,수출품목(원두커피)
713,ECOEWIRLREAIP001000,산업생산[아일랜드]
714,ECOEAINDRPCCP001000,소비자물가[인도]
715,ECOEAKORRNAGG006000,"총저축률(명목, 계절조정)"
716,ECOENUSARPCPP004000,CorePPI(계절조정)[미국]
717,ECOESBRARDGPT005000,15-19세
718,ECOESBRARGVBP016000,증권투자[브라질]
719,ECOESBRARNARG014000,도시건설
720,ECOEWPRTRTDTB009000,무역수지[포르투갈]
721,ECOEZEUZRFDER001000,외환보유액(금제외)
722,ECOEAINDRPCPP001000,생산자물가[인도]
723,ECOEAJPNRNARG023000,가계소비지출[일본](SAAR)
724,ECOEAKORRCICI004000,기계류내수출하지수(선박제외)(2015=100)(선행)
725,ECOENUSARHSHP004000,S&amp;P/Case-Shiller지수(10개도시_NSA)
726,ECOESBRARTDIM015000,수입국(프랑스)
727,ECOESBRARTDIM019000,수입국(파라과이)
728,ECOESBRARNARG003000,정부지출
729,ECOEWESPRFDER002000,외환보유액(금제외)
730,ECOEWFRARPCPP001000,생산자물가[프랑스]
731,ECOEWGBRRNARG001000,실질GDP(Chained)[영국]
732,ECOEZEUZRGVBP008000,오차및증감
733,ECOEAHKGRTDTB009000,무역수지[홍콩]
734,ECOEAJPNRNARG035000,대외소득[일본](SAAR)
735,ECOEAKORRLWUE017000,실업률[한국_SA]
736,ECOEAKORRNARU004000,가계(실질)
737,ECOEAKORRNARU025000,부동산및임대업(실질)
738,ECOEAMYSRTDIM009000,수입[말레이시아]
739,ECOEEFINRPCPP001000,생산자물가[핀란드]
740,ECOEEGRCRLWUE001000,실업률[그리스_NSA]
741,ECOENUSAREAMF002000,신규주문지수[미국]
742,ECOENUSARHSHC001000,신규주택착공건수[미국]
743,ECOESBRARNARG031000,수입
744,ECOEAKORREAIP025000,광공업생산총지수(SA)
745,ECOEAKORRGVRC003000,통합재정수지
746,ECOEAKORRPCTB004000,수입물가지수(총지수)
747,ECOEAKORRTDBP006000,서비스수입
748,ECOENUSARLWEM007000,4주평균신규실업보험청구자수NSA[미국]
749,ECOEZEUZREICT002000,경기체감지수(EURO27개국)
750,ECOEACHNRNANG001000,명목GDP[중국]
751,ECOEAJPNRNARG020000,공공수요[일본](NSA)
752,ECOEAKORRNARU009000,건설투자(실질)
753,ECOENUSAREAMF005000,배송지수[미국]
754,ECOESBRARTDTB009000,무역수지[브라질]
755,ECOEWBELRPCPP001000,생산자물가[벨기에]
756,ECOEWDEURPCPP001000,생산자물가[독일]
757,ECOEAKORRNANG004000,가계(명목)
758,ECOENUSAREAMF011000,신규수출주문지수[미국]
759,ECOENUSARIDCE001000,기업이익[미국]
760,ECOESBRARGVRC005000,품목별세금(음료)
761,ECOEWGBRREAIP001000,산업생산[영국]
762,ECOEACHNREAPM004000,"비제조업 PMI(차이신, 확정)[중국]"
763,ECOEAHKGREAIP001000,홍콩 산업생산증가율
764,ECOEAKORRTDBT001000,수출액
765,ECOENCANRLWUE001000,실업률(NSA)[캐나다]
766,ECOENUSARPSRS001000,소매매출[미국]
767,ECOEWCHERPCCP001000,소비자물가[스위스]
768,ECOEACHNRPCCP003000,소비자물가(도시)[중국]
769,ECOESBRARTDIM006000,수입품목(연료 윤활유)
770,ECOEZEUZRCSCC007000,소매판매신뢰지수(EURO17개국)
771,ECOEZEUZRGVBP004000,소득수지
772,ECOEAJPNRNANG006000,정부지출(일본_명목_NSA)
773,ECOESBRARDGPT012000,50-54세
774,ECOESBRARGVRC004000,품목별세금(담배)
775,ECOESBRARNARG019000,정보서비스
776,ECOESBRARNARG027000,총고정자본자본
777,ECOEWBELRTDIM009000,수입[벨기에]
778,ECOEAJPNRFDER002000,외환보유액(금제외)
779,ECOEEFINRTDBT001000,무역수지[핀란드]
780,ECOENUSARPCTB001000,수출물가[미국]
781,ECOEWBELRTDEX009000,수출[벨기에]
782,ECOEWDEURNARG001000,실질GDP(Bil.)[독일]
783,ECOFAKORRFDZZ005000,신용융자잔고
784,ECOEAKORRNARU015000,통계상불일치(실질)
785,ECOEAKORRNARU034000,순생산물세(실질)
786,ECOEAMYSRCMOS001000,석유생산량[말레이시아]
787,ECOEATHAREAIP001000,태국 산업생산
788,ECOEATHARFDER002000,외환보유액(금제외)
789,ECOEESVKRFDER001000,외환보유액[슬로바키아](금제외)
790,ECOEFZAFRTDEX009000,수출[남아공]
791,ECOENUSAREAIP002000,기업재고[미국]
792,ECOENUSARLWEM010000,월간연속실업보험청구자수SA[미국]
793,ECOENUSARMTMS010000,개인소득/M2[미국]
794,ECOESBRARGVBP006000,서비스수입[브라질]
795,ECOEWDEURLWUE001000,실업률[독일]
796,ECOEWFRARTDIM009000,수입[프랑스]
797,ECOEACHNRMTMS002000,통화량[중국](M1)
798,ECOEAHKGRTDEX009000,수출[홍콩]
799,ECOEAKORREAIP086000,제조업수출출하지수(원지수)
800,ECOEAKORRNANG002000,최종소비지출(명목)
801,ECOENUSARGVRC001000,재정수지[미국]
802,ECOENUSARLWEM005000,월간신규실업보험청구자수NSA[미국]
803,ECOEOAUSRFDER001000,외환보유액(금제외)
804,ECOESBRARCMOS001000,석유생산량[브라질]
805,ECOESBRARTDEX018000,수출국(멕시코)
806,ECOEACHNRTDIM009000,수입[중국]
807,ECOEAJPNREAIP001000,산업생산[일본](NSA)
808,ECOEAKORREAIP002000,광공업생산지수
809,ECOEAKORREAIP003000,서비스업생산지수
810,ECOEAKORRNARU006000,정부(실질)
811,ECOEAVNMRTDEX009000,수출[베트남]
812,ECOEEITAREAIP002000,산업생산[이탈리아](SA)
813,ECOENCANRTDTB009000,무역수지[캐나다]
814,ECOESBRARMTMS002000,M2
815,ECOESBRARNARG010000,산업총계
816,ECOESBRARNARG039000,수입
817,ECOEWESPRPCPP001000,생산자물가[스페인]
818,ECOEAKORREAIP001000,전산업생산지수(농림어업 제외)
819,ECOEAKORRPCEN001000,소득(전도시근로자가구가구당월평균)
820,ECOEAMYSRTDTB009000,무역수지[말레이시아]
821,ECOEERUSREIOL001000,OECD경기선행지수[미국]
822,ECOENUSARCICI001000,경기선행지수[미국]
823,ECOENUSARLWEM004000,연속실업보험청구자수NSA[미국]
824,ECOESBRARTDEX004000,수출품목(중간재)
825,ECOEWBELRTDTB009000,무역수지[벨기에]
826,ECOEAJPNRNAGG001000,최종소비지출[일본](SAAR)
827,ECOEAKORRMTMS002000,광의통화(M2_평잔)
828,ECOEAKORRNANG026000,정보통신업(명목)
829,ECOEAKORRNARU011000,지식재산생산물투자(실질)
830,ECOEAKORRPSCC003000,판매신용
831,ECOENCANRGVBP001000,경상수지[캐나다]
832,ECOESBRARDGPT004000,10-14세
833,ECOEAJPNRNANG005000,비거주자소비지출(일본_명목_NSA)
834,ECOEAJPNRNANG008000,공공재고(일본_명목_NSA)
835,ECOEAKORRCICI003000,소비자기대지수(선행)
836,ECOEAKORREAIP039000,제조업생산-제조업
837,ECOEAKORRNARU007000,총자본형성(실질)
838,ECOEEGRCREAIP001000,산업생산[그리스]
839,ECOENUSARCICS003000,자동차판매[TruckSales][미국]
840,ECOESBRARGVBP013000,금융계정[브라질]
841,ECOEWLUXRPCPP001000,생산자물가[룩셈부르크]
842,ECOEZEUZRCSCC010000,서비스업신뢰지수(EURO27개국)
843,ECOEAKORRNANG028000,공공행정 및 국방(명목)
844,ECOESBRARNARG008000,수입
845,ECOESBRARTDIM002000,수입품목(내구재)
846,ECOEWESPRLWUE001000,실업률[스페인]
847,ECOFAKORRFDBD003000,국고채5년(금투협)
848,ECOEAJPNRNARG011000,재화와서비스의수출[일본](NSA)
849,ECOEAKORRMTMS001000,광의통화(M2_말잔)
850,ECOEAKORRPCPP023000,"전력,가스및수도(총지수)"
851,ECOEEAUTRPCCP001000,소비자물가[오스트리아]
852,ECOESBRARDGPT006000,20-24세
853,ECOESBRARGVBP015000,해외직접투자
854,ECOESBRARPSRS003000,소매판매(SA)
855,ECOEWIRLRPCCP001000,소비자물가[아일랜드]
856,ECOEWPRTRPCCP001000,소비자물가[포르투갈]
857,ECOEZEUZRGVBP006000,자본수지
858,ECOFAKORRFDBD004000,국고채10년(금투협)
859,ECOEAINDRTDIM009000,수입[인도]
860,ECOEAJPNRNANG020000,개인소비지출(일본_명목_SAAR)
861,ECOEAJPNRNARG014000,대외거래순손익[일본](NSA)
862,ECOEAKORRLWEM025000,"노동생산성지수(산업생산기준, 제조업)"
863,ECOENUSARCMPS016000,Baker Hughes 석유시추회수 시추유형 - Horizontal
864,ECOESBRAFLWUE001000,브라질-연간 실업률
865,ECOESBRARNARG004000,총고정자본자본
866,ECOESBRARNARG012000,광업
867,ECOEWLUXRNARG001000,실질GDP[룩셈부르크]
868,ECOEZEUZRNARG001000,GDP[Euro-Zone_실질_SA]
869,ECOEAKORRCICI025000,선행지수 순환변동치
870,ECOEAKORRNANG027000,사업서비스업(명목)
871,ECOEECYPRGVLI001000,정부 총 공공부채(IMF 단기부채 제외)[키프로스]
872,ECOENUSAREAMF016000,내구재수주[미국]
873,ECOESBRARTDIM013000,수입국(칠레)
874,ECOEAINDRFDER001000,외환보유액(금제외)
875,ECOEAJPNRNARG015000,대외소득[일본](NSA)
876,ECOEAJPNRNARG032000,재화와서비스의수입[일본](SAAR)
877,ECOEAKORREAIP005000,공공행정활동지수
878,ECOEAKORREAIP124000,건설수주총액(경상)
879,ECOEAKORRNANG029000,교육서비스업(명목)
880,ECOEEFINREAIP001000,산업생산[핀란드]
881,ECOENUSARCMPS003000,주간 증유연료유 재고
882,ECOEAJPNRGVBP001000,경상수지[일본]
883,ECOEAJPNRNANG004000,거주자소비지출(일본_명목_NSA)
884,ECOEAJPNRNARG001000,최종소비지출[일본](NSA)
885,ECOEAJPNRNARG007000,정부지출[일본](NSA)
886,ECOEAJPNRNARG040000,공공수요[일본](SAAR)
887,ECOEAKORRTDBP004000,상품수입
888,ECOEATHARPCCP001000,소비자물가[태국]
889,ECOEAVNMRTDBT001000,무역수지[베트남]
890,ECOENUSAREAMF009000,주문잔고지수[미국]
891,ECOENUSARGVBP001000,경상수지[미국]
892,ECOENUSARTDEX009000,수출[미국]
893,ECOESBRARDGPT008000,30-34세
894,ECOEAIDNRNARG001000,실질GDP[인도네시아]
895,ECOEAJPNRTDTB009000,무역수지[일본]
896,ECOEAJPNRTDEX009000,수출[일본]
897,ECOEAKORRCICI027000,동행지수 순환변동치
898,ECOEAKORRNAGG001000,GDP증가율
899,ECOEAKORRNAGG003000,민간소비증가율
900,ECOEWFRARLWUE001000,실업률[프랑스_SA]
901,ECOEZEUZRNARG002000,GDP[Euro-Zone_명목_SA]
902,ECOEAJPNRNARG022000,개인소비지출[일본](SAAR)
903,ECOEAKORRCICI005000,건설수주액(실질)(십억원)(선행)
904,ECOEAKORRCICI009000,코스피지수(1980.1.4=100)(선행)
905,ECOEAKORREAIP115000,ICT설비투자지수(계절조정)
906,ECOEECYPRNARG010000,1인당 국내 총생산(EUR)[키프로스]
907,ECOEERUSRTDEX009000,수출[러시아]
908,ECOESBRARLWUE001000,실업률(NSA)[브라질]
909,ECOEWESPRPCCP001000,소비자물가[스페인]
910,ECOEACHNRPCPP001000,생산자물가[중국]
911,ECOEAJPNRNANG018000,공공수요(일본_명목_NSA)
912,ECOEAKORRCICI001000,선행종합지수(2015=100)
913,ECOEAKORREAIP043000,제조업생산출하-제조업
914,ECOEAKORRNAGG004000,설비투자증가율
915,ECOEAKORRNARU022000,도소매및음식숙박업(실질)
916,ECOEEFINRTDIM009000,수입[핀란드]
917,ECOENUSARCMPS017000,Baker Hughes 석유시추회수 시추유형 - Vertical
918,ECOENUSAREAMF015000,뉴욕제조업지수[미국]
919,ECOENUSARHSHC005000,NAHB주택시장지수[미국]
920,ECOENUSARPSCC001000,소비자신용
921,ECOEONZLRTDEX009000,수출[뉴질랜드]
922,ECOESBRARTDIM010000,수입국(중국)
923,ECOEZEUZRPCCP001000,소비자물가[Euro-Zone]
924,ECOEAKORRNANG032000,기타서비스업(명목)
925,ECOEEAUTRPCPP001000,생산자물가[오스트리아]
926,ECOEECYPRNAGG001000,GDP(실질) 증가율[키프로스]
927,ECOEOAUSRLWUE002000,실업률[오스트레일리아_SA]
928,ECOESBRARGVLI001000,공공부채
929,ECOEWNLDREAIP001000,산업생산[네덜란드](SA)
930,ECOEAJPNRMTMS001000,M2(M2+CD)
931,ECOEAJPNRNANG003000,가계소비지출(일본_명목_NSA)
932,ECOEAJPNRNARG002000,개인소비지출[일본](NSA)
933,ECOEAKORRCICI018000,비농림어업취업자수(천명)(동행)
934,ECOEAKORRNANG036000,국민총소득(명목)
935,ECOEAKORRNARU021000,건설업(실질)
936,ECOEAKORRNARU038000,국민총소득(실질)
937,ECOEFZAFRPCCP001000,소비자물가(NSA)[남아공]
938,ECOENUSAREAIP011000,설비가동률[미국]
939,ECOESBRARMTMS000000,통화량(Monetary base)
940,ECOEWLUXRPCCP001000,소비자물가[룩셈부르크]
941,ECOEZEUZRCSCC008000,소매판매신뢰지수(EURO27개국)
942,ECOEACHNREAPM003000,"제조업 PMI(차이신, 확정)[중국]"
943,ECOEAJPNRNARG009000,공공재고[일본](NSA)
944,ECOEAJPNRNARG029000,공공재고[일본](SAAR)
945,ECOEAKORRGVRC001000,재정수입
946,ECOEAKORRNARU032000,기타서비스업(실질)
947,ECOEAKORRPSCC002000,가계대출
948,ECOENUSARNAGG001000,실질GDP연율개념전기비[미국]
949,ECOENUSARPCCP001000,소비자물가[미국]
950,ECOESBRAREAIP001000,산업생산[브라질]
951,ECOEZEUZRGVBP001000,경상수지
952,ECOFAKORRFDZZ002000,실질예탁금
953,ECOEACHNRCICI001000,경기선행지수[중국]
954,ECOEAJPNRNARG017000,국민총소득[일본](NSA)
955,ECOEAJPNRNARG033000,국내총소득[일본](SAAR)
956,ECOEAKORREAIP006000,전산업생산지수(농림어업 제외)(SA)
957,ECOEAKORRNANG015000,통계상불일치(명목)
958,ECOEAKORRNARU010000,설비투자(실질)
959,ECOEAKORRNARU013000,재화와서비스의수출(실질)
960,ECOEAKORRNARU031000,문화 및 기타서비스업(실질)
961,ECOEAKORRTDBP010000,자본수지
962,ECOEFZAFRLWUE001000,실업률[남아공]
963,ECOESBRARDGPT002000,0-4세
964,ECOESBRARNARG011000,농업
965,ECOESBRARTDEX005000,수출품목(완품)
966,ECOEWNLDRLWUE002000,실업률(SA)[네덜란드]
967,ECOEAJPNRNARG005000,비거주자소비지출[일본](NSA)
968,ECOEAKORRLWUE005000,실업자[구직기간4주]
969,ECOENUSARCMPS014000,Baker Hughes 석유시추회수 기타
970,ECOEOAUSRTDTB009000,무역수지[호주]
971,ECOEONZLRPCCP002000,소비자물가[뉴질랜드]
972,ECOESBRARNAGG001000,GDP증가율[브라질]
973,ECOEWPRTRLWUE001000,실업률[포르투갈_NSA]
